{
    "sections": {
        "header": {
            "type": "header"
        },
        "predictive_search": {
            "type": "predictive_search"
        },
        "blog_hero": {
            "type": "blog_hero"
        },
        "blog_articles": {
            "type": "blog_articles"
        },
        "footer": {
            "type": "footer"
        }
    },
    "layout": "blog",
    "wrapper": "",
    "order": [
        "header",
        "predictive_search",
        "blog_hero",
        "blog_articles",
        "footer"
    ]
}