{
    "sections": {
        "header": {
            "type": "header"
        },
        "predictive_search": {
            "type": "predictive_search"
        },
        "collection_hero": {
            "type": "collection_hero"
        },
        "collection_products": {
            "type": "collection_products"
        },
        "footer": {
            "type": "footer"
        }
    },
    "layout": "collection",
    "wrapper": "main.main-wrapper",
    "order": [
        "header",
        "predictive_search",
        "collection_hero",
        "collection_products",
        "footer"
    ]
}