{
    "sections": {
        "header": {
            "type": "header"
        },
        "predictive_search": {
            "type": "predictive_search"
        },
        "hero_2": {
            "type": "hero_2"
        },
        "ueberlappende_hand": {
            "type": "ueberlappende_hand"
        },
        "mineraloel": {
            "type": "mineraloel"
        },
        "oreganooel": {
            "type": "oreganooel"
        },
        "cta_kaufen": {
            "type": "cta_kaufen"
        },
        "icons_und_umwelt": {
            "type": "icons_und_umwelt"
        },
        "faq": {
            "type": "faq"
        },
        "full_width_cta_2": {
            "type": "full_width_cta_2"
        },
        "footer": {
            "type": "footer"
        }
    },
    "layout": "page.wissenswertes",
    "wrapper": "main.main-wrapper",
    "order": [
        "header",
        "predictive_search",
        "hero_2",
        "ueberlappende_hand",
        "mineraloel",
        "oreganooel",
        "cta_kaufen",
        "icons_und_umwelt",
        "faq",
        "full_width_cta_2",
        "footer"
    ]
}