{
    "sections": {
        "header": {
            "type": "header"
        },
        "predictive_search": {
            "type": "predictive_search"
        },
        "contact": {
            "type": "contact"
        },
        "footer": {
            "type": "footer"
        },
        "default": {
            "type": "default"
        }
    },
    "layout": "page",
    "wrapper": "main.main-wrapper",
    "order": [
        "header",
        "predictive_search",
        "contact",
        "footer",
        "header",
        "predictive_search",
        "default",
        "footer"
    ]
}