{
    "sections": {
        "header": {
            "type": "header"
        },
        "predictive_search": {
            "type": "predictive_search"
        },
        "newsletter_optin": {
            "type": "newsletter_optin"
        },
        "footer": {
            "type": "footer"
        }
    },
    "layout": "page.newsletter-thank-you",
    "wrapper": "main.main-wrapper",
    "order": [
        "header",
        "predictive_search",
        "newsletter_optin",
        "footer"
    ]
}